,ND,mD,MD,SED
SPI-12|P1(1935 - 1984),0.4849137931099293,0.2956896551665248,0.14181034481420315,0.07758620690934265
SPI-12|P2(1985 - 2020),0.4571428571644579,0.19999999996464146,0.1428571428503089,0.2000000000205913
SPEI-12|P1(1935 - 1984),0.5599999999554528,0.3000000000591494,0.0600000000019921,0.07999999998340525
SPEI-12|P2(1985 - 2020),0.37142857109076,0.2285714288675998,0.17142857172397635,0.2285714283176643
SRI-12|P1(1935 - 1984),0.5510204081602611,0.36734693877430563,0.06122448980029304,0.020408163265139605
SRI-12|P2(1985 - 2020),0.48286139378056503,0.28166914930528475,0.056631893811122984,0.1788375631030263
