,SS,SL,SM,SSE
SPI-12|P1(1935 - 1984),0.4849137931068467,0.2956896551684808,0.14181034482586502,0.07758620689880759
SPI-12|P2(1985 - 2020),0.45714285714106134,0.2000000000181961,0.14285714285535572,0.1999999999853868
SPEI-12|P1(1935 - 1984),0.5599999999253926,0.3000000000990898,0.06000000000333183,0.07999999997218547
SPEI-12|P2(1985 - 2020),0.3714285711608494,0.22857142880615017,0.1714285716626857,0.22857142837031547
SRI-12|P1(1935 - 1984),0.5510204081614546,0.3673469387754345,0.06122448979800882,0.02040816326510173
SRI-12|P2(1985 - 2020),0.4828613949279951,0.28166914950147837,0.05663189363148971,0.1788375619390357
