,SS,SL,SM,SSE
SPI-12|P1(1935 - 1984),0.48491379309786103,0.2956896551795683,0.14181034482616456,0.07758620689640598
SPI-12|P2(1985 - 2020),0.45714285711876446,0.20000000003257443,0.14285714286582443,0.19999999998283652
SRI-12|P1(1935 - 1984),0.5510204081611826,0.3673469387747086,0.06122448979892333,0.02040816326518531
SRI-12|P2(1985 - 2020),0.4828613948623053,0.2816691494902463,0.05663189364177361,0.1788375620056735
