,SS,SL,SM,SSE
SPI-12|P1(1935 - 1984),0.4849137930993157,0.2956896551764152,0.14181034483447386,0.07758620688979519
SPI-12|P2(1985 - 2020),0.4571428571309989,0.20000000002687354,0.1428571428597423,0.19999999998238507
SPEI-12|P1(1935 - 1984),0.5600000000913034,0.29999999987874004,0.05999999999592144,0.08000000003403435
SPEI-12|P2(1985 - 2020),0.37142857179739724,0.22857142824806664,0.1714285711060461,0.22857142884849083
SRI-12|P1(1935 - 1984),0.5510204081600861,0.36734693877458513,0.06122448980025462,0.020408163265073963
SRI-12|P2(1985 - 2020),0.4828613956761288,0.28166914962939815,0.056631893514367336,0.17883756118010424
